[
  {
    "key": "PLAYER_DOWN",
    "frames": [6, 7, 8],
    "frameRate": 6,
    "repeat": -1,
    "delay": 0,
    "yoyo": true,
    "assetKey": "PLAYER"
  },
  {
    "key": "PLAYER_RIGHT",
    "frames": [3, 4, 5],
    "frameRate": 6,
    "repeat": -1,
    "delay": 0,
    "yoyo": true,
    "assetKey": "PLAYER"
  },
  {
    "key": "PLAYER_LEFT",
    "frames": [9, 10, 11],
    "frameRate": 6,
    "repeat": -1,
    "delay": 0,
    "yoyo": true,
    "assetKey": "PLAYER"
  },
  {
    "key": "PLAYER_UP",
    "frames": [0, 1, 2],
    "frameRate": 6,
    "repeat": -1,
    "delay": 0,
    "yoyo": true,
    "assetKey": "PLAYER"
  },
  {
    "key": "ICE_SHARD_START",
    "frameRate": 8,
    "repeat": 0,
    "delay": 0,
    "yoyo": false,
    "assetKey": "ICE_SHARD_START"
  },
  {
    "key": "ICE_SHARD",
    "frameRate": 8,
    "repeat": 0,
    "delay": 0,
    "yoyo": false,
    "assetKey": "ICE_SHARD"
  },
  {
    "key": "SLASH",
    "frameRate": 4,
    "repeat": 0,
    "delay": 0,
    "yoyo": false,
    "assetKey": "SLASH"
  },
  {
    "key": "NPC_1_RIGHT",
    "frames": [28, 22, 29],
    "frameRate": 6,
    "repeat": -1,
    "delay": 0,
    "yoyo": true,
    "assetKey": "NPC"
  },
  {
    "key": "NPC_1_UP",
    "frames": [26, 21, 27],
    "frameRate": 6,
    "repeat": -1,
    "delay": 0,
    "yoyo": true,
    "assetKey": "NPC"
  },
  {
    "key": "NPC_1_DOWN",
    "frames": [24, 20, 25],
    "frameRate": 6,
    "repeat": -1,
    "delay": 0,
    "yoyo": true,
    "assetKey": "NPC"
  }
]
