{ "compressionlevel":-1,
 "height":9,
 "infinite":false,
 "layers":[
        {
         "id":3,
         "layers":[
                {
                 "data":[0, 91, 91, 91, 91, 91, 91, 91, 91, 91, 91, 91, 0,
                    0, 99, 99, 99, 99, 99, 99, 99, 99, 99, 99, 99, 0,
                    0, 112, 112, 112, 112, 112, 112, 112, 112, 112, 112, 112, 0,
                    0, 112, 112, 112, 94, 95, 95, 95, 95, 96, 112, 112, 0,
                    0, 112, 112, 112, 106, 107, 107, 107, 107, 108, 112, 112, 0,
                    0, 112, 112, 112, 118, 119, 119, 119, 119, 120, 112, 112, 0,
                    0, 112, 112, 112, 112, 112, 112, 112, 112, 112, 112, 112, 0,
                    0, 112, 112, 112, 112, 112, 112, 112, 112, 112, 112, 112, 0,
                    0, 0, 0, 0, 0, 0, 0, 0, 0, 0, 0, 0, 0],
                 "height":9,
                 "id":6,
                 "locked":true,
                 "name":"background",
                 "opacity":1,
                 "type":"tilelayer",
                 "visible":true,
                 "width":13,
                 "x":0,
                 "y":0
                }, 
                {
                 "data":[0, 0, 0, 0, 0, 1, 46, 47, 1, 0, 0, 0, 0,
                    0, 16, 17, 0, 0, 25, 58, 59, 25, 72, 90, 0, 0,
                    0, 28, 29, 0, 0, 61, 61, 61, 61, 0, 0, 0, 0,
                    0, 0, 0, 0, 0, 0, 42, 43, 0, 0, 0, 0, 0,
                    0, 0, 0, 0, 0, 64, 54, 55, 52, 0, 0, 0, 0,
                    0, 0, 0, 0, 0, 0, 66, 67, 0, 0, 0, 0, 0,
                    0, 0, 0, 0, 0, 0, 0, 0, 0, 0, 0, 0, 0,
                    0, 44, 0, 0, 0, 0, 0, 0, 0, 0, 0, 0, 0,
                    0, 0, 0, 0, 0, 0, 0, 0, 0, 0, 0, 0, 0],
                 "height":9,
                 "id":5,
                 "locked":true,
                 "name":"decorations",
                 "opacity":1,
                 "type":"tilelayer",
                 "visible":true,
                 "width":13,
                 "x":0,
                 "y":0
                }, 
                {
                 "data":[0, 0, 0, 0, 0, 0, 0, 0, 0, 0, 0, 0, 0,
                    0, 0, 0, 0, 0, 0, 0, 0, 0, 0, 0, 0, 0,
                    0, 0, 0, 0, 0, 0, 0, 0, 0, 0, 0, 0, 0,
                    0, 0, 0, 0, 0, 0, 0, 0, 0, 0, 0, 0, 0,
                    0, 0, 0, 0, 0, 0, 0, 0, 0, 0, 0, 0, 0,
                    0, 0, 0, 0, 0, 0, 0, 0, 0, 0, 0, 0, 0,
                    0, 0, 0, 0, 0, 0, 0, 0, 0, 0, 0, 0, 0,
                    0, 0, 0, 0, 123, 124, 125, 0, 0, 0, 0, 0, 0,
                    0, 0, 0, 0, 0, 0, 0, 0, 0, 0, 0, 0, 0],
                 "height":9,
                 "id":4,
                 "locked":true,
                 "name":"entrance",
                 "opacity":1,
                 "type":"tilelayer",
                 "visible":true,
                 "width":13,
                 "x":0,
                 "y":0
                }],
         "locked":true,
         "name":"Main-Scene",
         "opacity":1,
         "type":"group",
         "visible":true,
         "x":0,
         "y":0
        }, 
        {
         "data":[0, 0, 0, 0, 0, 0, 0, 0, 0, 0, 0, 0, 0,
            0, 0, 0, 0, 0, 0, 0, 0, 0, 0, 0, 0, 0,
            0, 0, 0, 0, 0, 0, 0, 0, 0, 0, 0, 0, 0,
            0, 0, 0, 0, 0, 0, 42, 43, 0, 0, 0, 0, 0,
            0, 0, 0, 0, 0, 0, 0, 0, 0, 0, 0, 0, 0,
            0, 0, 0, 0, 0, 0, 0, 0, 0, 0, 0, 0, 0,
            0, 0, 0, 0, 0, 0, 0, 0, 0, 0, 0, 0, 0,
            0, 0, 0, 0, 0, 0, 0, 0, 0, 0, 0, 0, 0,
            0, 0, 0, 0, 0, 0, 0, 0, 0, 0, 0, 0, 0],
         "height":9,
         "id":2,
         "locked":true,
         "name":"Foreground",
         "opacity":1,
         "type":"tilelayer",
         "visible":true,
         "width":13,
         "x":0,
         "y":0
        }, 
        {
         "data":[122, 122, 122, 122, 122, 122, 122, 122, 122, 122, 122, 122, 122,
            122, 122, 122, 122, 122, 122, 122, 122, 122, 122, 122, 122, 122,
            122, 0, 0, 0, 0, 0, 0, 0, 0, 0, 0, 0, 122,
            122, 0, 0, 0, 0, 0, 0, 0, 0, 0, 0, 0, 122,
            122, 0, 0, 0, 0, 122, 122, 122, 122, 0, 0, 0, 122,
            122, 0, 0, 0, 0, 0, 0, 0, 0, 0, 0, 0, 122,
            122, 0, 0, 0, 0, 0, 0, 0, 0, 0, 0, 0, 122,
            122, 122, 0, 0, 0, 0, 0, 0, 0, 0, 0, 0, 122,
            122, 122, 122, 122, 122, 122, 122, 122, 122, 122, 122, 122, 122],
         "height":9,
         "id":1,
         "locked":true,
         "name":"Collision",
         "opacity":0.56,
         "type":"tilelayer",
         "visible":true,
         "width":13,
         "x":0,
         "y":0
        }, 
        {
         "draworder":"topdown",
         "id":7,
         "locked":true,
         "name":"Scene-Transitions",
         "objects":[
                {
                 "gid":121,
                 "height":64,
                 "id":1,
                 "name":"",
                 "properties":[
                        {
                         "name":"connects_to",
                         "type":"string",
                         "value":"main_1"
                        }, 
                        {
                         "name":"entrance_id",
                         "type":"string",
                         "value":"1"
                        }],
                 "rotation":0,
                 "type":"entrance",
                 "visible":true,
                 "width":64,
                 "x":320,
                 "y":576
                }],
         "opacity":1,
         "type":"objectgroup",
         "visible":true,
         "x":0,
         "y":0
        }],
 "nextlayerid":8,
 "nextobjectid":2,
 "orientation":"orthogonal",
 "renderorder":"right-down",
 "tiledversion":"1.10.0",
 "tileheight":64,
 "tilesets":[
        {
         "columns":12,
         "firstgid":1,
         "image":"..\/Downloads\/monster-tamer-tiled-assets\/AxulArt\u012bs_Basic-Top-down-interior_By_AxulArt_scaled_4x_pngcrushed.png",
         "imageheight":640,
         "imagewidth":768,
         "margin":0,
         "name":"AxulArt\u012bs_Basic-Top-down-interior_By_AxulArt_scaled_4x_pngcrushed",
         "spacing":0,
         "tilecount":120,
         "tileheight":64,
         "tilewidth":64
        }, 
        {
         "columns":1,
         "firstgid":121,
         "image":"..\/Downloads\/monster-tamer-tiled-assets\/encounter.png",
         "imageheight":64,
         "imagewidth":64,
         "margin":0,
         "name":"encounter",
         "spacing":0,
         "tilecount":1,
         "tileheight":64,
         "tilewidth":64
        }, 
        {
         "columns":1,
         "firstgid":122,
         "image":"..\/Downloads\/monster-tamer-tiled-assets\/collision.png",
         "imageheight":64,
         "imagewidth":64,
         "margin":0,
         "name":"collision",
         "spacing":0,
         "tilecount":1,
         "tileheight":64,
         "tilewidth":64
        }, 
        {
         "columns":3,
         "firstgid":123,
         "image":"..\/Downloads\/monster-tamer-tiled-assets\/entrance.png",
         "imageheight":64,
         "imagewidth":192,
         "margin":0,
         "name":"entrance",
         "spacing":0,
         "tilecount":3,
         "tileheight":64,
         "tilewidth":64
        }],
 "tilewidth":64,
 "type":"map",
 "version":"1.10",
 "width":13
}